user_id,card_id,feedback,feedback_time,review_count,next_review_time_1,next_review_time_2,next_review_time_3,next_review1,next_review2,next_review3,timestamp
A1,99103,Ë¶ö„Åà„Å¶„ÅÑ„Å™„ÅÑÔºÅüî¥,2024-09-29 00:15:27.590521,1,2024-09-29 00:16:27.590521,2024-09-29 00:20:27.590521,2024-09-29 00:30:27.590521,,,,2024-09-29 00:15:27.590521
A1,20235,Ë¶ö„Åà„ÅüÔºÅüü¢,2024-09-29 00:15:37.386952,1,2024-09-29 00:25:37.386952,2024-09-29 00:45:37.386952,2024-09-29 01:15:37.386952,,,,2024-09-29 00:15:37.386952
A1,144912,Ë¶ö„Åà„ÅüÔºÅüü¢,2024-09-29 00:16:04.858766,1,2024-09-29 00:26:04.858766,2024-09-29 00:46:04.858766,2024-09-29 01:16:04.858766,,,,2024-09-29 00:16:04.858766
A1,135749,Ë¶ö„Åà„ÅüÔºÅüü¢,2024-09-29 00:17:49.000787,1,2024-09-29 00:27:49.000787,2024-09-29 00:47:49.000787,2024-09-29 01:17:49.000787,,,,2024-09-29 00:17:49.000787
A1,51510,Ë¶ö„Åà„Å¶„ÅÑ„Å™„ÅÑÔºÅüî¥,2024-09-29 00:19:32.241009,1,2024-09-29 00:20:32.241009,2024-09-29 00:24:32.241009,2024-09-29 00:34:32.241009,,,,2024-09-29 00:19:32.241009
A1,3422,Ë¶ö„Åà„ÅüÔºÅüü¢,2024-09-29 00:30:58.491485,1,2024-09-29 00:40:58.491485,2024-09-29 01:00:58.491485,2024-09-29 01:30:58.491485,,,,2024-09-29 00:30:58.491485
A1,144103,Ë¶ö„Åà„ÅüÔºÅüü¢,2024-09-29 00:31:08.695456,1,2024-09-29 00:41:08.695456,2024-09-29 01:01:08.695456,2024-09-29 01:31:08.695456,,,,2024-09-29 00:31:08.695456
A1,137914,Ë¶ö„Åà„Å¶„ÅÑ„Å™„ÅÑÔºÅüî¥,2024-09-29 00:31:24.261716,1,2024-09-29 00:32:24.261716,2024-09-29 00:36:24.261716,2024-09-29 00:46:24.261716,,,,2024-09-29 00:31:24.261716
A1,32492,Ë¶ö„Åà„Å¶„ÅÑ„Å™„ÅÑÔºÅüî¥,2024-09-29 00:31:36.753093,1,2024-09-29 00:32:36.753093,2024-09-29 00:36:36.753093,2024-09-29 00:46:36.753093,,,,2024-09-29 00:31:36.753093
A1,75292,Ë¶ö„Åà„ÅüÔºÅüü¢,2024-09-29 00:31:47.407502,1,2024-09-29 00:41:47.407502,2024-09-29 01:01:47.407502,2024-09-29 01:31:47.407502,,,,2024-09-29 00:31:47.407502
A1,133830,„ÅÜ„ÇãË¶ö„Åàüü°,2024-09-29 00:32:36.823610,1,2024-09-29 00:37:36.823610,2024-09-29 00:47:36.823610,2024-09-29 01:17:36.823610,,,,2024-09-29 00:32:36.823610
A1,97476,Ë¶ö„Åà„ÅüÔºÅüü¢,2024-09-29 00:32:43.926011,1,2024-09-29 00:42:43.926011,2024-09-29 01:02:43.926011,2024-09-29 01:32:43.926011,,,,2024-09-29 00:32:43.926011
A1,77530,„ÅÜ„ÇãË¶ö„Åàüü°,2024-09-29 00:32:57.137960,1,2024-09-29 00:37:57.137960,2024-09-29 00:47:57.137960,2024-09-29 01:17:57.137960,,,,2024-09-29 00:32:57.137960
A1,28915,Ë¶ö„Åà„Å¶„ÅÑ„Å™„ÅÑÔºÅüî¥,2024-09-29 00:33:05.655089,1,2024-09-29 00:34:05.655089,2024-09-29 00:38:05.655089,2024-09-29 00:48:05.655089,,,,2024-09-29 00:33:05.655089
A1,87974,„ÅÜ„ÇãË¶ö„Åàüü°,2024-09-29 00:33:11.677297,1,2024-09-29 00:38:11.677297,2024-09-29 00:48:11.677297,2024-09-29 01:18:11.677297,,,,2024-09-29 00:33:11.677297
A1,122950,Ë¶ö„Åà„ÅüÔºÅüü¢,2024-09-29 00:33:18.846024,1,2024-09-29 00:43:18.846024,2024-09-29 01:03:18.846024,2024-09-29 01:33:18.846024,,,,2024-09-29 00:33:18.846024
A1,123037,Ë¶ö„Åà„ÅüÔºÅüü¢,2024-09-29 00:33:26.831688,1,2024-09-29 00:43:26.831688,2024-09-29 01:03:26.831688,2024-09-29 01:33:26.831688,,,,2024-09-29 00:33:26.831688
A1,21918,Ë¶ö„Åà„Å¶„ÅÑ„Å™„ÅÑÔºÅüî¥,2024-09-29 00:33:41.064577,1,2024-09-29 00:34:41.064577,2024-09-29 00:38:41.064577,2024-09-29 00:48:41.064577,,,,2024-09-29 00:33:41.064577
A1,114825,Ë¶ö„Åà„ÅüÔºÅüü¢,2024-09-29 00:33:51.243632,1,2024-09-29 00:43:51.243632,2024-09-29 01:03:51.243632,2024-09-29 01:33:51.243632,,,,2024-09-29 00:33:51.243632
A1,119232,„ÅÜ„ÇãË¶ö„Åàüü°,2024-09-29 00:40:15.749217,1,2024-09-29 00:45:15.749217,2024-09-29 00:55:15.749217,2024-09-29 01:25:15.749217,,,,2024-09-29 00:40:15.749217
A1,76380,Ë¶ö„Åà„Å¶„ÅÑ„Å™„ÅÑÔºÅüî¥,2024-09-29 00:40:26.868339,1,2024-09-29 00:41:26.868339,2024-09-29 00:45:26.868339,2024-09-29 00:55:26.868339,,,,2024-09-29 00:40:26.868339
A1,123877,„ÅÜ„ÇãË¶ö„Åàüü°,2024-09-29 00:40:43.050870,1,2024-09-29 00:45:43.050870,2024-09-29 00:55:43.050870,2024-09-29 01:25:43.050870,,,,2024-09-29 00:40:43.050870
A1,77536,Ë¶ö„Åà„Å¶„ÅÑ„Å™„ÅÑÔºÅüî¥,2024-09-29 00:40:51.559764,1,2024-09-29 00:41:51.559764,2024-09-29 00:45:51.559764,2024-09-29 00:55:51.559764,,,,2024-09-29 00:40:51.559764
A1,27739,„ÅÜ„ÇãË¶ö„Åàüü°,2024-09-29 00:41:15.998086,1,2024-09-29 00:46:15.998086,2024-09-29 00:56:15.998086,2024-09-29 01:26:15.998086,,,,2024-09-29 00:41:15.998086
A1,110138,Ë¶ö„Åà„Å¶„ÅÑ„Å™„ÅÑÔºÅüî¥,2024-09-29 00:41:31.461532,1,2024-09-29 00:42:31.461532,2024-09-29 00:46:31.461532,2024-09-29 00:56:31.461532,,,,2024-09-29 00:41:31.461532
A1,76961,Ë¶ö„Åà„Å¶„ÅÑ„Å™„ÅÑÔºÅüî¥,2024-09-29 00:41:57.393218,1,2024-09-29 00:42:57.393218,2024-09-29 00:46:57.393218,2024-09-29 00:56:57.393218,,,,2024-09-29 00:41:57.393218
A1,24681,„ÅÜ„ÇãË¶ö„Åàüü°,2024-09-29 00:42:09.644423,1,2024-09-29 00:47:09.644423,2024-09-29 00:57:09.644423,2024-09-29 01:27:09.644423,,,,2024-09-29 00:42:09.644423
A1,39916,Ë¶ö„Åà„ÅüÔºÅüü¢,2024-09-29 00:42:24.106836,1,2024-09-29 00:52:24.106836,2024-09-29 01:12:24.106836,2024-09-29 01:42:24.106836,,,,2024-09-29 00:42:24.106836
A1,62526,Ë¶ö„Åà„Å¶„ÅÑ„Å™„ÅÑÔºÅüî¥,2024-09-29 00:42:34.757401,1,2024-09-29 00:43:34.757401,2024-09-29 00:47:34.757401,2024-09-29 00:57:34.757401,,,,2024-09-29 00:42:34.757401
A1,8199,Ë¶ö„Åà„Å¶„ÅÑ„Å™„ÅÑÔºÅüî¥,2024-09-29 00:42:44.631204,1,2024-09-29 00:43:44.631204,2024-09-29 00:47:44.631204,2024-09-29 00:57:44.631204,,,,2024-09-29 00:42:44.631204
A1,113518,Ë¶ö„Åà„Å¶„ÅÑ„Å™„ÅÑÔºÅüî¥,2024-09-29 00:42:53.871454,1,2024-09-29 00:43:53.871454,2024-09-29 00:47:53.871454,2024-09-29 00:57:53.871454,,,,2024-09-29 00:42:53.871454
A1,151748,Ë¶ö„Åà„ÅüÔºÅüü¢,2024-09-29 00:43:03.145013,1,2024-09-29 00:53:03.145013,2024-09-29 01:13:03.145013,2024-09-29 01:43:03.145013,,,,2024-09-29 00:43:03.145013
A1,63845,Ë¶ö„Åà„Å¶„ÅÑ„Å™„ÅÑÔºÅüî¥,2024-09-29 00:43:20.499213,1,2024-09-29 00:44:20.499213,2024-09-29 00:48:20.499213,2024-09-29 00:58:20.499213,,,,2024-09-29 00:43:20.499213
A1,10487,Ë¶ö„Åà„ÅüÔºÅüü¢,2024-09-29 00:43:34.717694,1,2024-09-29 00:53:34.717694,2024-09-29 01:13:34.717694,2024-09-29 01:43:34.717694,,,,2024-09-29 00:43:34.717694
A1,90645,Ë¶ö„Åà„Å¶„ÅÑ„Å™„ÅÑÔºÅüî¥,2024-09-29 00:43:50.124530,1,2024-09-29 00:44:50.124530,2024-09-29 00:48:50.124530,2024-09-29 00:58:50.124530,,,,2024-09-29 00:43:50.124530
A1,68684,„ÅÜ„ÇãË¶ö„Åàüü°,2024-09-29 00:44:00.790312,1,2024-09-29 00:49:00.790312,2024-09-29 00:59:00.790312,2024-09-29 01:29:00.790312,,,,2024-09-29 00:44:00.790312
A1,36774,Ë¶ö„Åà„ÅüÔºÅüü¢,2024-09-29 00:44:09.200341,1,2024-09-29 00:54:09.200341,2024-09-29 01:14:09.200341,2024-09-29 01:44:09.200341,,,,2024-09-29 00:44:09.200341
A1,89172,Ë¶ö„Åà„ÅüÔºÅüü¢,2024-09-29 00:44:20.551779,1,2024-09-29 00:54:20.551779,2024-09-29 01:14:20.551779,2024-09-29 01:44:20.551779,,,,2024-09-29 00:44:20.551779
A1,46028,Ë¶ö„Åà„Å¶„ÅÑ„Å™„ÅÑÔºÅüî¥,2024-09-29 00:44:40.528243,1,2024-09-29 00:45:40.528243,2024-09-29 00:49:40.528243,2024-09-29 00:59:40.528243,,,,2024-09-29 00:44:40.528243
A1,122434,„ÅÜ„ÇãË¶ö„Åàüü°,2024-09-29 00:44:49.787931,1,2024-09-29 00:49:49.787931,2024-09-29 00:59:49.787931,2024-09-29 01:29:49.787931,,,,2024-09-29 00:44:49.787931
A1,4412,Ë¶ö„Åà„Å¶„ÅÑ„Å™„ÅÑÔºÅüî¥,2024-09-29 00:44:57.009308,1,2024-09-29 00:45:57.009308,2024-09-29 00:49:57.009308,2024-09-29 00:59:57.009308,,,,2024-09-29 00:44:57.009308
A1,141633,Ë¶ö„Åà„Å¶„ÅÑ„Å™„ÅÑÔºÅüî¥,2024-09-29 00:45:17.892089,1,2024-09-29 00:46:17.892089,2024-09-29 00:50:17.892089,2024-09-29 01:00:17.892089,,,,2024-09-29 00:45:17.892089
A1,8375,„ÅÜ„ÇãË¶ö„Åàüü°,2024-09-29 00:45:30.682968,1,2024-09-29 00:50:30.682968,2024-09-29 01:00:30.682968,2024-09-29 01:30:30.682968,,,,2024-09-29 00:45:30.682968
A1,112586,„ÅÜ„ÇãË¶ö„Åàüü°,2024-09-29 00:45:46.149885,1,2024-09-29 00:50:46.149885,2024-09-29 01:00:46.149885,2024-09-29 01:30:46.149885,,,,2024-09-29 00:45:46.149885
A1,131814,Ë¶ö„Åà„ÅüÔºÅüü¢,2024-09-29 00:45:55.785491,1,2024-09-29 00:55:55.785491,2024-09-29 01:15:55.785491,2024-09-29 01:45:55.785491,,,,2024-09-29 00:45:55.785491
A1,56691,Ë¶ö„Åà„ÅüÔºÅüü¢,2024-09-29 00:46:07.141365,1,2024-09-29 00:56:07.141365,2024-09-29 01:16:07.141365,2024-09-29 01:46:07.141365,,,,2024-09-29 00:46:07.141365
A1,61043,Ë¶ö„Åà„Å¶„ÅÑ„Å™„ÅÑÔºÅüî¥,2024-09-29 00:46:36.690197,1,2024-09-29 00:47:36.690197,2024-09-29 00:51:36.690197,2024-09-29 01:01:36.690197,,,,2024-09-29 00:46:36.690197
A1,22488,Ë¶ö„Åà„Å¶„ÅÑ„Å™„ÅÑÔºÅüî¥,2024-09-29 00:46:46.969002,1,2024-09-29 00:47:46.969002,2024-09-29 00:51:46.969002,2024-09-29 01:01:46.969002,,,,2024-09-29 00:46:46.969002
A1,128529,Ë¶ö„Åà„Å¶„ÅÑ„Å™„ÅÑÔºÅüî¥,2024-09-29 00:46:56.462658,1,2024-09-29 00:47:56.462658,2024-09-29 00:51:56.462658,2024-09-29 01:01:56.462658,,,,2024-09-29 00:46:56.462658
A1,73394,Ë¶ö„Åà„ÅüÔºÅüü¢,2024-09-29 00:47:19.847893,1,2024-09-29 00:57:19.847893,2024-09-29 01:17:19.847893,2024-09-29 01:47:19.847893,,,,2024-09-29 00:47:19.847893
A1,43670,Ë¶ö„Åà„Å¶„ÅÑ„Å™„ÅÑÔºÅüî¥,2024-09-29 00:48:25.672955,1,2024-09-29 00:49:25.672955,2024-09-29 00:53:25.672955,2024-09-29 01:03:25.672955,,,,2024-09-29 00:48:25.672955
A1,40039,„ÅÜ„ÇãË¶ö„Åàüü°,2024-09-29 00:48:36.658880,1,2024-09-29 00:53:36.658880,2024-09-29 01:03:36.658880,2024-09-29 01:33:36.658880,,,,2024-09-29 00:48:36.658880
A1,67396,Ë¶ö„Åà„Å¶„ÅÑ„Å™„ÅÑÔºÅüî¥,2024-09-29 00:48:51.461258,1,2024-09-29 00:49:51.461258,2024-09-29 00:53:51.461258,2024-09-29 01:03:51.461258,,,,2024-09-29 00:48:51.461258
A1,91471,„ÅÜ„ÇãË¶ö„Åàüü°,2024-09-29 00:49:02.594191,1,2024-09-29 00:54:02.594191,2024-09-29 01:04:02.594191,2024-09-29 01:34:02.594191,,,,2024-09-29 00:49:02.594191
A1,113092,Ë¶ö„Åà„ÅüÔºÅüü¢,2024-09-29 00:49:09.915869,1,2024-09-29 00:59:09.915869,2024-09-29 01:19:09.915869,2024-09-29 01:49:09.915869,,,,2024-09-29 00:49:09.915869
A1,101219,Ë¶ö„Åà„ÅüÔºÅüü¢,2024-09-29 00:49:21.703510,1,2024-09-29 00:59:21.703510,2024-09-29 01:19:21.703510,2024-09-29 01:49:21.703510,,,,2024-09-29 00:49:21.703510
A1,104995,Ë¶ö„Åà„Å¶„ÅÑ„Å™„ÅÑÔºÅüî¥,2024-09-29 00:49:51.217525,1,2024-09-29 00:50:51.217525,2024-09-29 00:54:51.217525,2024-09-29 01:04:51.217525,,,,2024-09-29 00:49:51.217525
A1,72742,„ÅÜ„ÇãË¶ö„Åàüü°,2024-09-29 00:50:30.826834,1,2024-09-29 00:55:30.826834,2024-09-29 01:05:30.826834,2024-09-29 01:35:30.826834,,,,2024-09-29 00:50:30.826834
A1,94707,Ë¶ö„Åà„Å¶„ÅÑ„Å™„ÅÑÔºÅüî¥,2024-09-29 00:50:42.834420,1,2024-09-29 00:51:42.834420,2024-09-29 00:55:42.834420,2024-09-29 01:05:42.834420,,,,2024-09-29 00:50:42.834420
A1,141612,Ë¶ö„Åà„Å¶„ÅÑ„Å™„ÅÑÔºÅüî¥,2024-09-29 00:50:50.142471,1,2024-09-29 00:51:50.142471,2024-09-29 00:55:50.142471,2024-09-29 01:05:50.142471,,,,2024-09-29 00:50:50.142471
A1,69841,Ë¶ö„Åà„Å¶„ÅÑ„Å™„ÅÑÔºÅüî¥,2024-09-29 00:50:59.122845,1,2024-09-29 00:51:59.122845,2024-09-29 00:55:59.122845,2024-09-29 01:05:59.122845,,,,2024-09-29 00:50:59.122845
A1,69841,Ë¶ö„Åà„Å¶„ÅÑ„Å™„ÅÑÔºÅüî¥,2024-09-29 00:51:49.739371,2,2024-09-29 00:52:49.739371,2024-09-29 00:56:49.739371,2024-09-29 01:06:49.739371,,,,2024-09-29 00:51:49.739371
A1,98147,Ë¶ö„Åà„Å¶„ÅÑ„Å™„ÅÑÔºÅüî¥,2024-09-29 00:51:58.855471,1,2024-09-29 00:52:58.855471,2024-09-29 00:56:58.855471,2024-09-29 01:06:58.855471,,,,2024-09-29 00:51:58.855471
A1,97434,Ë¶ö„Åà„Å¶„ÅÑ„Å™„ÅÑÔºÅüî¥,2024-09-29 00:52:13.039555,1,2024-09-29 00:53:13.039555,2024-09-29 00:57:13.039555,2024-09-29 01:07:13.039555,,,,2024-09-29 00:52:13.039555
A1,29506,Ë¶ö„Åà„Å¶„ÅÑ„Å™„ÅÑÔºÅüî¥,2024-09-29 00:52:43.024752,1,2024-09-29 00:53:43.024752,2024-09-29 00:57:43.024752,2024-09-29 01:07:43.024752,,,,2024-09-29 00:52:43.024752
A1,10617,„ÅÜ„ÇãË¶ö„Åàüü°,2024-09-29 00:53:29.706935,1,2024-09-29 00:58:29.706935,2024-09-29 01:08:29.706935,2024-09-29 01:38:29.706935,,,,2024-09-29 00:53:29.706935
A1,99103,Ë¶ö„Åà„Å¶„ÅÑ„Å™„ÅÑÔºÅüî¥,2024-09-29 01:20:57.794238,2,2024-09-29 01:21:57.794238,2024-09-29 01:25:57.794238,2024-09-29 01:35:57.794238,,,,2024-09-29 01:20:57.794238
A1,20235,Ë¶ö„Åà„ÅüÔºÅüü¢,2024-09-29 01:21:04.451211,2,2024-09-29 01:31:04.451211,2024-09-29 01:51:04.451211,2024-09-29 02:21:04.451211,,,,2024-09-29 01:21:04.451211
A1,144912,„ÅÜ„ÇãË¶ö„Åàüü°,2024-09-29 01:21:12.279313,2,2024-09-29 01:26:12.279313,2024-09-29 01:36:12.279313,2024-09-29 02:06:12.279313,,,,2024-09-29 01:21:12.279313
A1,135749,Ë¶ö„Åà„ÅüÔºÅüü¢,2024-09-29 01:21:20.670155,2,2024-09-29 01:31:20.670155,2024-09-29 01:51:20.670155,2024-09-29 02:21:20.670155,,,,2024-09-29 01:21:20.670155
A1,51510,Ë¶ö„Åà„Å¶„ÅÑ„Å™„ÅÑÔºÅüî¥,2024-09-29 01:21:33.021558,2,2024-09-29 01:22:33.021558,2024-09-29 01:26:33.021558,2024-09-29 01:36:33.021558,,,,2024-09-29 01:21:33.021558
A1,3422,„ÅÜ„ÇãË¶ö„Åàüü°,2024-09-29 01:22:01.950716,2,2024-09-29 01:27:01.950716,2024-09-29 01:37:01.950716,2024-09-29 02:07:01.950716,,,,2024-09-29 01:22:01.950716
A1,144103,Ë¶ö„Åà„ÅüÔºÅüü¢,2024-09-29 01:22:09.067015,2,2024-09-29 01:32:09.067015,2024-09-29 01:52:09.067015,2024-09-29 02:22:09.067015,,,,2024-09-29 01:22:09.067015
A1,137914,Ë¶ö„Åà„Å¶„ÅÑ„Å™„ÅÑÔºÅüî¥,2024-09-29 01:22:27.393350,2,2024-09-29 01:23:27.393350,2024-09-29 01:27:27.393350,2024-09-29 01:37:27.393350,,,,2024-09-29 01:22:27.393350
A1,32492,Ë¶ö„Åà„ÅüÔºÅüü¢,2024-09-29 01:22:42.750391,2,2024-09-29 01:32:42.750391,2024-09-29 01:52:42.750391,2024-09-29 02:22:42.750391,,,,2024-09-29 01:22:42.750391
A1,75292,Ë¶ö„Åà„ÅüÔºÅüü¢,2024-09-29 01:22:49.422789,2,2024-09-29 01:32:49.422789,2024-09-29 01:52:49.422789,2024-09-29 02:22:49.422789,,,,2024-09-29 01:22:49.422789
A1,133830,Ë¶ö„Åà„ÅüÔºÅüü¢,2024-09-29 01:22:56.781437,2,2024-09-29 01:32:56.781437,2024-09-29 01:52:56.781437,2024-09-29 02:22:56.781437,,,,2024-09-29 01:22:56.781437
A1,97476,„ÅÜ„ÇãË¶ö„Åàüü°,2024-09-29 01:23:03.947812,2,2024-09-29 01:28:03.947812,2024-09-29 01:38:03.947812,2024-09-29 02:08:03.947812,,,,2024-09-29 01:23:03.947812
A1,77530,„ÅÜ„ÇãË¶ö„Åàüü°,2024-09-29 01:23:20.215805,2,2024-09-29 01:28:20.215805,2024-09-29 01:38:20.215805,2024-09-29 02:08:20.215805,,,,2024-09-29 01:23:20.215805
A1,28915,Ë¶ö„Åà„Å¶„ÅÑ„Å™„ÅÑÔºÅüî¥,2024-09-29 01:23:37.858412,2,2024-09-29 01:24:37.858412,2024-09-29 01:28:37.858412,2024-09-29 01:38:37.858412,,,,2024-09-29 01:23:37.858412
A1,87974,Ë¶ö„Åà„ÅüÔºÅüü¢,2024-09-29 01:23:49.206053,2,2024-09-29 01:33:49.206053,2024-09-29 01:53:49.206053,2024-09-29 02:23:49.206053,,,,2024-09-29 01:23:49.206053
A1,122950,Ë¶ö„Åà„ÅüÔºÅüü¢,2024-09-29 01:23:59.966021,2,2024-09-29 01:33:59.966021,2024-09-29 01:53:59.966021,2024-09-29 02:23:59.966021,,,,2024-09-29 01:23:59.966021
A1,123037,„ÅÜ„ÇãË¶ö„Åàüü°,2024-09-29 01:24:09.583725,2,2024-09-29 01:29:09.583725,2024-09-29 01:39:09.583725,2024-09-29 02:09:09.583725,,,,2024-09-29 01:24:09.583725
A1,21918,Ë¶ö„Åà„Å¶„ÅÑ„Å™„ÅÑÔºÅüî¥,2024-09-29 01:24:26.598357,2,2024-09-29 01:25:26.598357,2024-09-29 01:29:26.598357,2024-09-29 01:39:26.598357,,,,2024-09-29 01:24:26.598357
A1,114825,„ÅÜ„ÇãË¶ö„Åàüü°,2024-09-29 01:24:33.857802,2,2024-09-29 01:29:33.857802,2024-09-29 01:39:33.857802,2024-09-29 02:09:33.857802,,,,2024-09-29 01:24:33.857802
A1,119232,Ë¶ö„Åà„ÅüÔºÅüü¢,2024-09-29 01:24:40.869984,2,2024-09-29 01:34:40.869984,2024-09-29 01:54:40.869984,2024-09-29 02:24:40.869984,,,,2024-09-29 01:24:40.869984
A1,76380,„ÅÜ„ÇãË¶ö„Åàüü°,2024-09-29 01:25:04.100763,2,2024-09-29 01:30:04.100763,2024-09-29 01:40:04.100763,2024-09-29 02:10:04.100763,,,,2024-09-29 01:25:04.100763
A1,123877,Ë¶ö„Åà„ÅüÔºÅüü¢,2024-09-29 01:25:15.428304,2,2024-09-29 01:35:15.428304,2024-09-29 01:55:15.428304,2024-09-29 02:25:15.428304,,,,2024-09-29 01:25:15.428304
A1,77536,„ÅÜ„ÇãË¶ö„Åàüü°,2024-09-29 01:25:32.833731,2,2024-09-29 01:30:32.833731,2024-09-29 01:40:32.833731,2024-09-29 02:10:32.833731,,,,2024-09-29 01:25:32.833731
A1,27739,Ë¶ö„Åà„ÅüÔºÅüü¢,2024-09-29 01:25:45.851436,2,2024-09-29 01:35:45.851436,2024-09-29 01:55:45.851436,2024-09-29 02:25:45.851436,,,,2024-09-29 01:25:45.851436
A1,110138,„ÅÜ„ÇãË¶ö„Åàüü°,2024-09-29 01:25:59.380275,2,2024-09-29 01:30:59.380275,2024-09-29 01:40:59.380275,2024-09-29 02:10:59.380275,,,,2024-09-29 01:25:59.380275
A1,76961,Ë¶ö„Åà„Å¶„ÅÑ„Å™„ÅÑÔºÅüî¥,2024-09-29 01:26:07.776082,2,2024-09-29 01:27:07.776082,2024-09-29 01:31:07.776082,2024-09-29 01:41:07.776082,,,,2024-09-29 01:26:07.776082
A1,24681,Ë¶ö„Åà„Å¶„ÅÑ„Å™„ÅÑÔºÅüî¥,2024-09-29 01:26:20.235474,2,2024-09-29 01:27:20.235474,2024-09-29 01:31:20.235474,2024-09-29 01:41:20.235474,,,,2024-09-29 01:26:20.235474
A1,39916,Ë¶ö„Åà„ÅüÔºÅüü¢,2024-09-29 01:26:29.671370,2,2024-09-29 01:36:29.671370,2024-09-29 01:56:29.671370,2024-09-29 02:26:29.671370,,,,2024-09-29 01:26:29.671370
A1,62526,Ë¶ö„Åà„ÅüÔºÅüü¢,2024-09-29 01:26:57.635736,2,2024-09-29 01:36:57.635736,2024-09-29 01:56:57.635736,2024-09-29 02:26:57.635736,,,,2024-09-29 01:26:57.635736
A1,8199,Ë¶ö„Åà„Å¶„ÅÑ„Å™„ÅÑÔºÅüî¥,2024-09-29 01:27:05.996004,2,2024-09-29 01:28:05.996004,2024-09-29 01:32:05.996004,2024-09-29 01:42:05.996004,,,,2024-09-29 01:27:05.996004
A1,113518,Ë¶ö„Åà„Å¶„ÅÑ„Å™„ÅÑÔºÅüî¥,2024-09-29 01:27:27.220087,2,2024-09-29 01:28:27.220087,2024-09-29 01:32:27.220087,2024-09-29 01:42:27.220087,,,,2024-09-29 01:27:27.220087
A1,151748,Ë¶ö„Åà„ÅüÔºÅüü¢,2024-09-29 01:27:36.632558,2,2024-09-29 01:37:36.632558,2024-09-29 01:57:36.632558,2024-09-29 02:27:36.632558,,,,2024-09-29 01:27:36.632558
A1,63845,„ÅÜ„ÇãË¶ö„Åàüü°,2024-09-29 01:28:04.081441,2,2024-09-29 01:33:04.081441,2024-09-29 01:43:04.081441,2024-09-29 02:13:04.081441,,,,2024-09-29 01:28:04.081441
A1,10487,Ë¶ö„Åà„ÅüÔºÅüü¢,2024-09-29 01:28:11.454557,2,2024-09-29 01:38:11.454557,2024-09-29 01:58:11.454557,2024-09-29 02:28:11.454557,,,,2024-09-29 01:28:11.454557
A1,90645,Ë¶ö„Åà„Å¶„ÅÑ„Å™„ÅÑÔºÅüî¥,2024-09-29 01:28:29.892632,2,2024-09-29 01:29:29.892632,2024-09-29 01:33:29.892632,2024-09-29 01:43:29.892632,,,,2024-09-29 01:28:29.892632
A1,68684,„ÅÜ„ÇãË¶ö„Åàüü°,2024-09-29 01:28:43.623863,2,2024-09-29 01:33:43.623863,2024-09-29 01:43:43.623863,2024-09-29 02:13:43.623863,,,,2024-09-29 01:28:43.623863
A1,36774,Ë¶ö„Åà„ÅüÔºÅüü¢,2024-09-29 09:45:21.179215,2,2024-09-29 09:55:21.179215,2024-09-29 10:15:21.179215,2024-09-29 10:45:21.179215,,,,2024-09-29 09:45:21.179215
A1,89172,Ë¶ö„Åà„ÅüÔºÅüü¢,2024-09-29 09:47:33.256544,2,2024-09-29 09:57:33.256544,2024-09-29 10:17:33.256544,2024-09-29 10:47:33.256544,,,,2024-09-29 09:47:33.256544
A1,99103,Ë¶ö„Åà„Å¶„ÅÑ„Å™„ÅÑÔºÅüî¥,2024-09-29 09:58:54.415408,3,2024-09-29 09:59:54.415408,2024-09-29 10:03:54.415408,2024-09-29 10:13:54.415408,,,,2024-09-29 09:58:54.415408
A1,20235,Ë¶ö„Åà„ÅüÔºÅüü¢,2024-09-29 09:59:04.441515,3,2024-09-29 10:09:04.441515,2024-09-29 10:29:04.441515,2024-09-29 10:59:04.441515,,,,2024-09-29 09:59:04.441515
A1,144912,Ë¶ö„Åà„ÅüÔºÅüü¢,2024-09-29 09:59:45.812274,3,2024-09-29 10:09:45.812274,2024-09-29 10:29:45.812274,2024-09-29 10:59:45.812274,,,,2024-09-29 09:59:45.812274
A1,135749,Ë¶ö„Åà„ÅüÔºÅüü¢,2024-09-29 10:00:00.870630,3,2024-09-29 10:10:00.870630,2024-09-29 10:30:00.870630,2024-09-29 11:00:00.870630,,,,2024-09-29 10:00:00.870630
A1,99103,Ë¶ö„Åà„Å¶„ÅÑ„Å™„ÅÑÔºÅüî¥,2024-09-29 11:41:34.885780,4,2024-09-29 11:42:34.885780,2024-09-29 11:46:34.885780,2024-09-29 11:56:34.885780,,,,2024-09-29 11:41:34.885780
A1,99103,„ÅÜ„ÇãË¶ö„Åàüü°,2024-09-29 11:49:41.004409,5,2024-09-29 11:54:41.004409,2024-09-29 12:04:41.004409,2024-09-29 12:34:41.004409,,,,2024-09-29 11:49:41.004409
A1,99103,„ÅÜ„ÇãË¶ö„Åàüü°,2024-09-29 11:50:19.026681,6,2024-09-29 11:55:19.026681,2024-09-29 12:05:19.026681,2024-09-29 12:35:19.026681,,,,2024-09-29 11:50:19.026681
A1,99103,„ÅÜ„ÇãË¶ö„Åàüü°,2024-09-29 11:50:49.727158,7,2024-09-29 11:55:49.727158,2024-09-29 12:05:49.727158,2024-09-29 12:35:49.727158,,,,2024-09-29 11:50:49.727158
A1,99103,Ë¶ö„Åà„ÅüÔºÅüü¢,2024-09-29 11:57:21.094047,8,2024-09-29 12:07:21.094047,2024-09-29 12:27:21.094047,2024-09-29 12:57:21.094047,,,,2024-09-29 11:57:21.094047
A1,20235,Ë¶ö„Åà„ÅüÔºÅüü¢,2024-09-29 11:57:28.718488,4,2024-09-29 12:07:28.718488,2024-09-29 12:27:28.718488,2024-09-29 12:57:28.718488,,,,2024-09-29 11:57:28.718488
A1,144912,Ë¶ö„Åà„ÅüÔºÅüü¢,2024-09-29 11:57:33.988784,4,2024-09-29 12:07:33.988784,2024-09-29 12:27:33.988784,2024-09-29 12:57:33.988784,,,,2024-09-29 11:57:33.988784
A1,135749,Ë¶ö„Åà„ÅüÔºÅüü¢,2024-09-29 11:57:38.951154,4,2024-09-29 12:07:38.951154,2024-09-29 12:27:38.951154,2024-09-29 12:57:38.951154,,,,2024-09-29 11:57:38.951154
A1,51510,„ÅÜ„ÇãË¶ö„Åàüü°,2024-09-29 12:05:11.638148,3,2024-09-29 12:10:11.638148,2024-09-29 12:20:11.638148,2024-09-29 12:50:11.638148,,,,2024-09-29 12:05:11.638148
A1,3422,Ë¶ö„Åà„ÅüÔºÅüü¢,2024-09-29 12:05:39.388058,3,2024-09-29 12:15:39.388058,2024-09-29 12:35:39.388058,2024-09-29 13:05:39.388058,,,,2024-09-29 12:05:39.388058
A1,99103,Ë¶ö„Åà„ÅüÔºÅüü¢,2024-09-29 18:02:35.029449,9,2024-09-29 18:12:35.029449,2024-09-29 18:32:35.029449,2024-09-29 19:02:35.029449,,,,2024-09-29 18:02:35.029449
A1,20235,Ë¶ö„Åà„ÅüÔºÅüü¢,2024-09-29 18:02:51.231489,5,2024-09-29 18:12:51.231489,2024-09-29 18:32:51.231489,2024-09-29 19:02:51.231489,,,,2024-09-29 18:02:51.231489
A1,144912,Ë¶ö„Åà„ÅüÔºÅüü¢,2024-09-29 18:02:54.889992,5,2024-09-29 18:12:54.889992,2024-09-29 18:32:54.889992,2024-09-29 19:02:54.889992,,,,2024-09-29 18:02:54.889992
A1,135749,Ë¶ö„Åà„ÅüÔºÅüü¢,2024-09-29 18:02:58.076943,5,2024-09-29 18:12:58.076943,2024-09-29 18:32:58.076943,2024-09-29 19:02:58.076943,,,,2024-09-29 18:02:58.076943
A1,51510,Ë¶ö„Åà„ÅüÔºÅüü¢,2024-09-29 18:03:02.479557,4,2024-09-29 18:13:02.479557,2024-09-29 18:33:02.479557,2024-09-29 19:03:02.479557,,,,2024-09-29 18:03:02.479557
A1,3422,Ë¶ö„Åà„ÅüÔºÅüü¢,2024-09-29 18:03:05.595692,4,2024-09-29 18:13:05.595692,2024-09-29 18:33:05.595692,2024-09-29 19:03:05.595692,,,,2024-09-29 18:03:05.595692
A1,144103,Ë¶ö„Åà„ÅüÔºÅüü¢,2024-09-29 18:03:18.946914,3,2024-09-29 18:13:18.946914,2024-09-29 18:33:18.946914,2024-09-29 19:03:18.946914,,,,2024-09-29 18:03:18.946914
A1,137914,„ÅÜ„ÇãË¶ö„Åàüü°,2024-09-29 18:03:39.628548,3,2024-09-29 18:08:39.628548,2024-09-29 18:18:39.628548,2024-09-29 18:48:39.628548,,,,2024-09-29 18:03:39.628548
A1,32492,Ë¶ö„Åà„Å¶„ÅÑ„Å™„ÅÑÔºÅüî¥,2024-09-29 18:03:51.610389,3,2024-09-29 18:04:51.610389,2024-09-29 18:08:51.610389,2024-09-29 18:18:51.610389,,,,2024-09-29 18:03:51.610389
A1,75292,Ë¶ö„Åà„ÅüÔºÅüü¢,2024-09-29 18:04:06.574342,3,2024-09-29 18:14:06.574342,2024-09-29 18:34:06.574342,2024-09-29 19:04:06.574342,,,,2024-09-29 18:04:06.574342
A1,133830,„ÅÜ„ÇãË¶ö„Åàüü°,2024-09-29 18:04:20.675950,3,2024-09-29 18:09:20.675950,2024-09-29 18:19:20.675950,2024-09-29 18:49:20.675950,,,,2024-09-29 18:04:20.675950
A1,97476,„ÅÜ„ÇãË¶ö„Åàüü°,2024-09-29 18:04:38.336788,3,2024-09-29 18:09:38.336788,2024-09-29 18:19:38.336788,2024-09-29 18:49:38.336788,,,,2024-09-29 18:04:38.336788
A1,77530,„ÅÜ„ÇãË¶ö„Åàüü°,2024-09-29 18:05:00.445098,3,2024-09-29 18:10:00.445098,2024-09-29 18:20:00.445098,2024-09-29 18:50:00.445098,,,,2024-09-29 18:05:00.445098
A1,28915,„ÅÜ„ÇãË¶ö„Åàüü°,2024-09-29 18:05:20.202202,3,2024-09-29 18:10:20.202202,2024-09-29 18:20:20.202202,2024-09-29 18:50:20.202202,,,,2024-09-29 18:05:20.202202
A1,87974,„ÅÜ„ÇãË¶ö„Åàüü°,2024-09-29 18:05:48.977844,3,2024-09-29 18:10:48.977844,2024-09-29 18:20:48.977844,2024-09-29 18:50:48.977844,,,,2024-09-29 18:05:48.977844
A1,122950,Ë¶ö„Åà„ÅüÔºÅüü¢,2024-09-29 18:05:59.629348,3,2024-09-29 18:15:59.629348,2024-09-29 18:35:59.629348,2024-09-29 19:05:59.629348,,,,2024-09-29 18:05:59.629348
A1,123037,Ë¶ö„Åà„ÅüÔºÅüü¢,2024-09-29 18:06:12.834592,3,2024-09-29 18:16:12.834592,2024-09-29 18:36:12.834592,2024-09-29 19:06:12.834592,,,,2024-09-29 18:06:12.834592
A1,21918,Ë¶ö„Åà„Å¶„ÅÑ„Å™„ÅÑÔºÅüî¥,2024-09-29 18:06:21.847020,3,2024-09-29 18:07:21.847020,2024-09-29 18:11:21.847020,2024-09-29 18:21:21.847020,,,,2024-09-29 18:06:21.847020
A1,114825,„ÅÜ„ÇãË¶ö„Åàüü°,2024-09-29 18:06:34.240998,3,2024-09-29 18:11:34.240998,2024-09-29 18:21:34.240998,2024-09-29 18:51:34.240998,,,,2024-09-29 18:06:34.240998
A1,119232,„ÅÜ„ÇãË¶ö„Åàüü°,2024-09-29 18:06:47.855273,3,2024-09-29 18:11:47.855273,2024-09-29 18:21:47.855273,2024-09-29 18:51:47.855273,,,,2024-09-29 18:06:47.855273
A1,76380,Ë¶ö„Åà„Å¶„ÅÑ„Å™„ÅÑÔºÅüî¥,2024-09-29 18:07:03.325348,3,2024-09-29 18:08:03.325348,2024-09-29 18:12:03.325348,2024-09-29 18:22:03.325348,,,,2024-09-29 18:07:03.325348
A1,123877,Ë¶ö„Åà„Å¶„ÅÑ„Å™„ÅÑÔºÅüî¥,2024-09-29 18:07:15.029057,3,2024-09-29 18:08:15.029057,2024-09-29 18:12:15.029057,2024-09-29 18:22:15.029057,,,,2024-09-29 18:07:15.029057
A1,99103,Ë¶ö„Åà„ÅüÔºÅüü¢,2024-09-29 18:41:46.650683,10,2024-09-29 18:51:46.650683,2024-09-29 19:11:46.650683,2024-09-29 19:41:46.650683,,,,2024-09-29 18:41:46.650683
A1,20235,Ë¶ö„Åà„ÅüÔºÅüü¢,2024-09-29 18:41:49.698035,6,2024-09-29 18:51:49.698035,2024-09-29 19:11:49.698035,2024-09-29 19:41:49.698035,,,,2024-09-29 18:41:49.698035
A1,99103,„ÅÜ„ÇãË¶ö„Åàüü°,2024-09-29 19:01:49.562216,11,2024-09-29 19:06:49.562216,2024-09-29 19:16:49.562216,2024-09-29 19:46:49.562216,,,,2024-09-29 19:01:49.562216
A1,99103,„ÅÜ„ÇãË¶ö„Åàüü°,2024-09-29 19:06:35.933877,12,2024-09-29 19:11:35.933877,2024-09-29 19:21:35.933877,2024-09-29 19:51:35.933877,,,,2024-09-29 19:06:35.933877
A1,20235,„ÅÜ„ÇãË¶ö„Åàüü°,2024-09-29 19:06:38.522401,7,2024-09-29 19:11:38.522401,2024-09-29 19:21:38.522401,2024-09-29 19:51:38.522401,,,,2024-09-29 19:06:38.522401
A1,99103,„ÅÜ„ÇãË¶ö„Åàüü°,2024-09-29 20:14:43.146160,13,2024-09-29 20:19:43.146160,2024-09-29 20:29:43.146160,2024-09-29 20:59:43.146160,,,,2024-09-29 20:14:43.146160
A1,20235,Ë¶ö„Åà„Å¶„ÅÑ„Å™„ÅÑÔºÅüî¥,2024-09-29 20:14:48.748620,8,2024-09-29 20:15:48.748620,2024-09-29 20:19:48.748620,2024-09-29 20:29:48.748620,,,,2024-09-29 20:14:48.748620
A1,99103,„ÅÜ„ÇãË¶ö„Åàüü°,2024-09-29 20:30:06.398708,14,2024-09-29 20:35:06.398708,2024-09-29 20:45:06.398708,2024-09-29 21:15:06.398708,,,,2024-09-29 20:30:06.398708
A1,20235,Ë¶ö„Åà„ÅüÔºÅüü¢,2024-09-29 20:30:11.410395,9,2024-09-29 20:40:11.410395,2024-09-29 21:00:11.410395,2024-09-29 21:30:11.410395,,,,2024-09-29 20:30:11.410395
A1,149805,„ÅÜ„ÇãË¶ö„Åàüü°,2024-09-29 23:15:30.429263,1,2024-09-29 23:20:30.429263,2024-09-29 23:30:30.429263,2024-09-30 00:00:30.429263,,,,2024-09-29 23:15:30.429263
A1,149805,„ÅÜ„ÇãË¶ö„Åàüü°,2024-09-29 23:15:37.820977,2,2024-09-29 23:20:37.820977,2024-09-29 23:30:37.820977,2024-09-30 00:00:37.820977,,,,2024-09-29 23:15:37.820977
A1,76237,Ë¶ö„Åà„ÅüÔºÅüü¢,2024-09-29 23:15:44.240560,1,2024-09-29 23:25:44.240560,2024-09-29 23:45:44.240560,2024-09-30 00:15:44.240560,,,,2024-09-29 23:15:44.240560
A1,149805,Ë¶ö„Åà„ÅüÔºÅüü¢,2024-09-29 23:15:59.153407,3,2024-09-29 23:25:59.153407,2024-09-29 23:45:59.153407,2024-09-30 00:15:59.153407,,,,2024-09-29 23:15:59.153407
A1,135776,Ë¶ö„Åà„ÅüÔºÅüü¢,2024-09-29 23:16:08.615733,1,2024-09-29 23:26:08.615733,2024-09-29 23:46:08.615733,2024-09-30 00:16:08.615733,,,,2024-09-29 23:16:08.615733
A1,149805,Ë¶ö„Åà„ÅüÔºÅüü¢,2024-09-29 23:17:26.197919,4,2024-09-29 23:27:26.197919,2024-09-29 23:47:26.197919,2024-09-30 00:17:26.197919,,,,2024-09-29 23:17:26.197919
A1,78343,Ë¶ö„Åà„ÅüÔºÅüü¢,2024-09-29 23:17:45.904920,1,2024-09-29 23:27:45.904920,2024-09-29 23:47:45.904920,2024-09-30 00:17:45.904920,,,,2024-09-29 23:17:45.904920
A1,31648,Ë¶ö„Åà„Å¶„ÅÑ„Å™„ÅÑÔºÅüî¥,2024-09-29 23:19:13.919893,1,2024-09-29 23:20:13.919893,2024-09-29 23:24:13.919893,2024-09-29 23:34:13.919893,,,,2024-09-29 23:19:13.919893
A1,42222,Ë¶ö„Åà„Å¶„ÅÑ„Å™„ÅÑÔºÅüî¥,2024-09-29 23:20:13.591428,1,2024-09-29 23:21:13.591428,2024-09-29 23:25:13.591428,2024-09-29 23:35:13.591428,,,,2024-09-29 23:20:13.591428
A1,32281,Ë¶ö„Åà„Å¶„ÅÑ„Å™„ÅÑÔºÅüî¥,2024-09-29 23:20:31.400983,1,2024-09-29 23:21:31.400983,2024-09-29 23:25:31.400983,2024-09-29 23:35:31.400983,,,,2024-09-29 23:20:31.400983
A1,25873,Ë¶ö„Åà„ÅüÔºÅüü¢,2024-09-29 23:20:48.073264,1,2024-09-29 23:30:48.073264,2024-09-29 23:50:48.073264,2024-09-30 00:20:48.073264,,,,2024-09-29 23:20:48.073264
A1,96642,Ë¶ö„Åà„Å¶„ÅÑ„Å™„ÅÑÔºÅüî¥,2024-09-29 23:21:00.488805,1,2024-09-29 23:22:00.488805,2024-09-29 23:26:00.488805,2024-09-29 23:36:00.488805,,,,2024-09-29 23:21:00.488805
A1,150056,Ë¶ö„Åà„Å¶„ÅÑ„Å™„ÅÑÔºÅüî¥,2024-09-29 23:21:41.837994,1,2024-09-29 23:22:41.837994,2024-09-29 23:26:41.837994,2024-09-29 23:36:41.837994,,,,2024-09-29 23:21:41.837994
A1,40283,Ë¶ö„Åà„Å¶„ÅÑ„Å™„ÅÑÔºÅüî¥,2024-09-29 23:22:02.064389,1,2024-09-29 23:23:02.064389,2024-09-29 23:27:02.064389,2024-09-29 23:37:02.064389,,,,2024-09-29 23:22:02.064389
A1,132272,„ÅÜ„ÇãË¶ö„Åàüü°,2024-09-29 23:22:20.746203,1,2024-09-29 23:27:20.746203,2024-09-29 23:37:20.746203,2024-09-30 00:07:20.746203,,,,2024-09-29 23:22:20.746203
A1,13743,Ë¶ö„Åà„Å¶„ÅÑ„Å™„ÅÑÔºÅüî¥,2024-09-30 14:22:45.411158,1,2024-09-30 14:23:45.411158,2024-09-30 14:27:45.411158,2024-09-30 14:37:45.411158,,,,2024-09-30 14:22:45.411158
A1,13743,Ë¶ö„Åà„Å¶„ÅÑ„Å™„ÅÑÔºÅüî¥,2024-09-30 14:22:47.485175,2,2024-09-30 14:23:47.485175,2024-09-30 14:27:47.485175,2024-09-30 14:37:47.485175,,,,2024-09-30 14:22:47.485175
A1,102104,„ÅÜ„ÇãË¶ö„Åàüü°,2024-09-30 14:22:59.156409,1,2024-09-30 14:27:59.156409,2024-09-30 14:37:59.156409,2024-09-30 15:07:59.156409,,,,2024-09-30 14:22:59.156409
A1,11927,Ë¶ö„Åà„ÅüÔºÅüü¢,2024-09-30 18:14:10.821100,1,2024-09-30 18:24:10.821100,2024-09-30 18:44:10.821100,2024-09-30 19:14:10.821100,,,,2024-09-30 18:14:10.821100
A1,41786,Ë¶ö„Åà„ÅüÔºÅüü¢,2024-09-30 18:15:40.310936,1,2024-09-30 18:25:40.310936,2024-09-30 18:45:40.310936,2024-09-30 19:15:40.310936,,,,2024-09-30 18:15:40.310936
A1,53375,Ë¶ö„Åà„ÅüÔºÅüü¢,2024-09-30 18:17:19.674404,1,2024-09-30 18:27:19.674404,2024-09-30 18:47:19.674404,2024-09-30 19:17:19.674404,,,,2024-09-30 18:17:19.674404
A1,125783,Ë¶ö„Åà„ÅüÔºÅüü¢,2024-09-30 20:40:55.403317,1,2024-09-30 20:50:55.403317,2024-09-30 21:10:55.403317,2024-09-30 21:40:55.403317,,,,2024-09-30 20:40:55.403317
A1,125783,Ë¶ö„Åà„Å¶„ÅÑ„Å™„ÅÑÔºÅüî¥,2024-09-30 20:41:18.478780,2,2024-09-30 20:42:18.478780,2024-09-30 20:46:18.478780,2024-09-30 20:56:18.478780,,,,2024-09-30 20:41:18.478780
A1,34305,Ë¶ö„Åà„ÅüÔºÅüü¢,2024-09-30 20:41:32.317628,1,2024-09-30 20:51:32.317628,2024-09-30 21:11:32.317628,2024-09-30 21:41:32.317628,,,,2024-09-30 20:41:32.317628
A1,44936,Ë¶ö„Åà„Å¶„ÅÑ„Å™„ÅÑÔºÅüî¥,2025-02-13 14:29:14.927199,1,2025-02-13 14:30:14.927199,2025-02-13 14:34:14.927199,2025-02-13 14:44:14.927199,,,,2025-02-13 14:29:14.927199
A1,44936,Ë¶ö„Åà„Å¶„ÅÑ„Å™„ÅÑÔºÅüî¥,2025-02-13 14:29:20.883735,2,2025-02-13 14:30:20.883735,2025-02-13 14:34:20.883735,2025-02-13 14:44:20.883735,,,,2025-02-13 14:29:20.883735
A1,3851,Ë¶ö„Åà„Å¶„ÅÑ„Å™„ÅÑÔºÅüî¥,2025-02-13 14:33:36.666800,1,2025-02-13 14:34:36.666800,2025-02-13 14:38:36.666800,2025-02-13 14:48:36.666800,,,,2025-02-13 14:33:36.666800
A1,129604,Ë¶ö„Åà„Å¶„ÅÑ„Å™„ÅÑÔºÅüî¥,2025-02-13 14:34:51.140917,1,2025-02-13 14:35:51.140917,2025-02-13 14:39:51.140917,2025-02-13 14:49:51.140917,,,,2025-02-13 14:34:51.140917
A1,113208,Ë¶ö„Åà„Å¶„ÅÑ„Å™„ÅÑÔºÅüî¥,2025-02-13 14:35:07.625510,1,2025-02-13 14:36:07.625510,2025-02-13 14:40:07.625510,2025-02-13 14:50:07.625510,,,,2025-02-13 14:35:07.625510
A1,143785,Ë¶ö„Åà„Å¶„ÅÑ„Å™„ÅÑÔºÅüî¥,2025-02-17 09:51:53.383920,1,2025-02-17 09:52:53.383920,2025-02-17 09:56:53.383920,2025-02-17 10:06:53.383920,,,,2025-02-17 09:51:53.383920
A1,11994,Ë¶ö„Åà„Å¶„ÅÑ„Å™„ÅÑÔºÅüî¥,2025-02-17 09:53:09.862178,1,2025-02-17 09:54:09.862178,2025-02-17 09:58:09.862178,2025-02-17 10:08:09.862178,,,,2025-02-17 09:53:09.862178
A1,11994,Ë¶ö„Åà„Å¶„ÅÑ„Å™„ÅÑÔºÅüî¥,2025-02-17 09:53:13.532268,2,2025-02-17 09:54:13.532268,2025-02-17 09:58:13.532268,2025-02-17 10:08:13.532268,,,,2025-02-17 09:53:13.532268
user1,18973,bad,2025-05-09T06:08:40.927536,1,2025-05-09T06:09:40.927282,2025-05-09T06:13:40.927282,2025-05-09T06:23:40.927282,1,1,1,2025-05-09T06:08:40.960117
user1,18973,bad,2025-05-09T06:08:45.923188,1,2025-05-09T06:09:45.923033,2025-05-09T06:13:45.923033,2025-05-09T06:23:45.923033,1,1,1,2025-05-09T06:08:45.928445
user1,18973,bad,2025-05-09T06:08:51.723971,1,2025-05-09T06:09:51.723834,2025-05-09T06:13:51.723834,2025-05-09T06:23:51.723834,1,1,1,2025-05-09T06:08:51.729304
user1,14727,bad,2025-05-09T06:09:05.038266,2,2025-05-09T06:10:05.038116,2025-05-09T06:14:05.038116,2025-05-09T06:24:05.038116,1,1,1,2025-05-09T06:09:05.048066
user1,144268,bad,2025-05-09T06:14:24.336076,3,2025-05-09T06:15:24.335838,2025-05-09T06:19:24.335838,2025-05-09T06:29:24.335838,1,1,1,2025-05-09T06:14:24.342534
user1,144268,bad,2025-05-09T06:14:52.256032,3,2025-05-09T06:15:52.255949,2025-05-09T06:19:52.255949,2025-05-09T06:29:52.255949,1,1,1,2025-05-09T06:14:52.260509
user1,136468,bad,2025-05-09T06:15:00.430329,4,2025-05-09T06:16:00.430248,2025-05-09T06:20:00.430248,2025-05-09T06:30:00.430248,1,1,1,2025-05-09T06:15:00.440352
user1,136468,bad,2025-05-09T06:15:04.678698,4,2025-05-09T06:16:04.678637,2025-05-09T06:20:04.678637,2025-05-09T06:30:04.678637,1,1,1,2025-05-09T06:15:04.686038
user1,136468,bad,2025-05-09T06:15:07.203854,4,2025-05-09T06:16:07.203732,2025-05-09T06:20:07.203732,2025-05-09T06:30:07.203732,1,1,1,2025-05-09T06:15:07.207718
user1,33765,bad,2025-05-09T06:29:05.953200,1,2025-05-09T06:30:05.953060,2025-05-09T06:34:05.953060,2025-05-09T06:44:05.953060,1,1,1,2025-05-09T06:29:05.963020
user1,33765,bad,2025-05-09T06:29:18.366501,1,2025-05-09T06:30:18.366267,2025-05-09T06:34:18.366267,2025-05-09T06:44:18.366267,1,1,1,2025-05-09T06:29:18.371927
user1,33765,bad,2025-05-09T06:31:58.990785,1,2025-05-09T06:32:58.990625,2025-05-09T06:36:58.990625,2025-05-09T06:46:58.990625,1,1,1,2025-05-09T06:31:58.996447
user1,33765,bad,2025-05-09T06:34:13.435969,1,2025-05-09T06:35:13.435820,2025-05-09T06:39:13.435820,2025-05-09T06:49:13.435820,1,1,1,2025-05-09T06:34:13.441610
user1,33765,bad,2025-05-09T08:11:39.558034,1,2025-05-09T08:12:39.557891,2025-05-09T08:16:39.557891,2025-05-09T08:26:39.557891,1,1,1,2025-05-09T08:11:39.567219
user1,18973,bad,2025-05-09T08:11:57.026491,2,2025-05-09T08:12:57.026229,2025-05-09T08:16:57.026229,2025-05-09T08:26:57.026229,1,1,1,2025-05-09T08:11:57.039104
user1,14727,soso,2025-05-09T09:07:32.055864,3,2025-05-09T09:17:32.055674,2025-05-09T10:07:32.055674,2025-05-10T09:07:32.055674,1,1,1,2025-05-09T09:07:32.065959
user1,144268,good,2025-05-09T09:13:26.893458,4,2025-05-10T09:13:26.893338,2025-05-12T09:13:26.893338,2025-05-16T09:13:26.893338,1,1,1,2025-05-09T09:13:26.899374
user1,136468,bad,2025-05-09T09:17:56.376161,5,2025-05-09T09:18:56.375715,2025-05-09T09:22:56.375715,2025-05-09T09:32:56.375715,1,1,1,2025-05-09T09:17:56.382365
user1,26399,bad,2025-05-09T09:18:56.011943,6,2025-05-09T09:19:56.011869,2025-05-09T09:23:56.011869,2025-05-09T09:33:56.011869,1,1,1,2025-05-09T09:18:56.016784
user1,61489,Ë¶ö„Åà„Å¶„ÅÑ„Å™„ÅÑÔºÅüî¥,2025-05-09 09:48:48.519156+09:00,10,2025-05-09 18:49:48.519053+09:00,2025-05-09 18:53:48.519053+09:00,2025-05-09 19:03:48.519053+09:00,1,1,1,2025-05-09 09:48:48.528217+09:00
user1,86709,Ë¶ö„Åà„ÅüÔºÅüü¢,2025-05-09 09:49:54.450949+09:00,11,2025-05-10 18:49:54.450796+09:00,2025-05-12 18:49:54.450796+09:00,2025-05-16 18:49:54.450796+09:00,1,1,1,2025-05-09 09:49:54.462119+09:00
user1,73180,Ë¶ö„Åà„Å¶„ÅÑ„Å™„ÅÑÔºÅüî¥,2025-05-09T09:55:36.144186,12,2025-05-09T18:56:36.143889,2025-05-09T19:00:36.143889,2025-05-09T19:10:36.143889,1,1,1,2025-05-09T18:55:36.154676+09:00
user1,151941,Ë¶ö„Åà„ÅüÔºÅüü¢,2025-05-09T09:59:29.564703,13,2025-05-10T18:59:29.564505,2025-05-12T18:59:29.564505,2025-05-16T18:59:29.564505,1,1,1,2025-05-09T18:59:29.570613+09:00
user1,7153,Ë¶ö„Åà„Å¶„ÅÑ„Å™„ÅÑÔºÅüî¥,2025-05-09T19:04:06.631447+09:00,15,2025-05-09T19:05:06.627971,2025-05-09T19:09:06.627971,2025-05-09T19:19:06.627971,1,1,1,2025-05-09T19:04:06.658366+09:00
user1,33765,Ë¶ö„Åà„Å¶„ÅÑ„Å™„ÅÑÔºÅüî¥,2025-05-10T10:00:45.727835+09:00,1,2025-05-10T20:43:24.933435+09:00,2025-05-11T04:13:16.377402+09:00,2025-05-11T09:28:10.388179+09:00,1,1,1,2025-05-10T10:00:45.740956+09:00
user1,33765,Ë¶ö„Åà„Å¶„ÅÑ„Å™„ÅÑÔºÅüî¥,2025-05-10T10:31:26.263079+09:00,1,2025-05-10T21:14:05.468562+09:00,2025-05-11T04:43:56.912529+09:00,2025-05-11T09:58:50.923306+09:00,1,1,1,2025-05-10T10:31:26.392546+09:00
user1,33765,„ÅÜ„ÇãË¶ö„Åàüü°,2025-05-10T11:41:32.806183+09:00,1,2025-05-10T22:24:12.011803+09:00,2025-05-11T09:06:51.217470+09:00,2025-05-11T19:49:30.423137+09:00,1,1,1,2025-05-10T11:41:32.817630+09:00
user1,33765,„ÅÜ„ÇãË¶ö„Åàüü°,2025-05-10T11:46:05.650479+09:00,1,2025-05-10T22:28:44.856079+09:00,2025-05-11T09:11:24.061746+09:00,2025-05-11T19:54:03.267413+09:00,1,1,1,2025-05-10T11:46:05.678801+09:00
user1,18973,Ë¶ö„Åà„Å¶„ÅÑ„Å™„ÅÑÔºÅüî¥,2025-05-10T11:46:57.444172+09:00,2,2025-05-10T22:29:36.649796+09:00,2025-05-11T05:59:28.093763+09:00,2025-05-11T11:14:22.104540+09:00,1,1,1,2025-05-10T11:46:57.452666+09:00
user1,14727,Ë¶ö„Åà„Å¶„ÅÑ„Å™„ÅÑÔºÅüî¥,2025-05-10T11:47:09.075944+09:00,3,2025-05-10T22:29:48.281572+09:00,2025-05-11T05:59:39.725539+09:00,2025-05-11T11:14:33.736316+09:00,1,1,1,2025-05-10T11:47:09.081433+09:00
user1,33765,„ÅÜ„ÇãË¶ö„Åàüü°,2025-05-10T12:03:31.029656+09:00,1,2025-05-10T22:46:10.235267+09:00,2025-05-11T09:28:49.440934+09:00,2025-05-11T20:11:28.646601+09:00,1,1,1,2025-05-10T12:03:31.036917+09:00
user1,33765,„ÅÜ„ÇãË¶ö„Åàüü°,2025-05-10T12:04:13.032652+09:00,1,2025-05-10T22:46:52.238281+09:00,2025-05-11T09:29:31.443948+09:00,2025-05-11T20:12:10.649615+09:00,1,1,1,2025-05-10T12:04:13.038741+09:00
user1,18973,Ë¶ö„Åà„Å¶„ÅÑ„Å™„ÅÑÔºÅüî¥,2025-05-10T12:04:41.182953+09:00,2,2025-05-10T22:47:20.388581+09:00,2025-05-11T06:17:11.832548+09:00,2025-05-11T11:32:05.843325+09:00,1,1,1,2025-05-10T12:04:41.192315+09:00
user1,14727,Ë¶ö„Åà„Å¶„ÅÑ„Å™„ÅÑÔºÅüî¥,2025-05-10T12:05:04.235119+09:00,3,2025-05-10T22:47:43.440722+09:00,2025-05-11T06:17:34.884689+09:00,2025-05-11T11:32:28.895466+09:00,1,1,1,2025-05-10T12:05:04.246385+09:00
user1,144268,Ë¶ö„Åà„ÅüÔºÅüü¢,2025-05-10T12:05:48.510929+09:00,4,2025-05-10T22:48:27.716557+09:00,2025-05-11T12:43:54.683924+09:00,2025-05-12T06:49:59.741501+09:00,1,1,1,2025-05-10T12:05:48.516292+09:00
user1,136468,Ë¶ö„Åà„Å¶„ÅÑ„Å™„ÅÑÔºÅüî¥,2025-05-10T12:06:01.429124+09:00,5,2025-05-10T22:48:40.634745+09:00,2025-05-11T06:18:32.078712+09:00,2025-05-11T11:33:26.089489+09:00,1,1,1,2025-05-10T12:06:01.446684+09:00
user1,60329,Ë¶ö„Åà„Å¶„ÅÑ„Å™„ÅÑÔºÅüî¥,2025-05-10T12:50:52.628734+09:00,1,2025-05-10T23:33:31.834340+09:00,2025-05-11T07:03:23.278307+09:00,2025-05-11T12:18:17.289084+09:00,1,1,1,2025-05-10T12:50:52.679712+09:00
user1,323,„ÅÜ„ÇãË¶ö„Åàüü°,2025-06-03T13:22:49.131324+09:00,1,2025-06-04T00:05:28.336649+09:00,2025-06-04T10:48:07.542316+09:00,2025-06-04T21:30:46.747983+09:00,1,1,1,2025-06-03T13:22:49.140928+09:00
